{
  "version": 1,
  "author": "Shashwat Shukla",
  "editor": "wokwi",
  "parts": [
    { "type": "board-esp32-devkit-c-v4", "id": "esp", "top": 0, "left": -129.56, "attrs": {} },
    { "type": "wokwi-servo", "id": "servo1", "top": 170.8, "left": 76.8, "attrs": {} },
    {
      "type": "wokwi-slide-potentiometer",
      "id": "pot1",
      "top": -62.2,
      "left": 47,
      "attrs": { "travelLength": "30" }
    }
  ],
  "connections": [
    [ "esp:TX", "$serialMonitor:RX", "", [] ],
    [ "esp:RX", "$serialMonitor:TX", "", [] ],
    [ "servo1:V+", "esp:3V3", "red", [ "h-220.8", "v-201.5" ] ],
    [ "servo1:GND", "esp:GND.1", "black", [ "h-211.2", "v-67.2" ] ],
    [ "servo1:PWM", "esp:27", "green", [ "h-230.4", "v-115" ] ],
    [ "pot1:VCC", "esp:3V3", "red", [ "h-172.8" ] ],
    [ "pot1:SIG", "esp:26", "green", [ "h-67.2", "v-29.6", "h-134.4", "v134.4" ] ],
    [ "pot1:GND", "esp:GND.2", "black", [ "v0" ] ]
  ],
  "dependencies": {}
}